<?xml version="1.0" encoding="UTF-8" ?>
<!DOCTYPE mapper PUBLIC "-//mybatis.org//DTD Mapper 3.0//EN" "http://mybatis.org/dtd/mybatis-3-mapper.dtd" >
<mapper namespace="com.xiaohe.mapper.AssessMapper" >
  <resultMap id="BaseResultMap" type="com.xiaohe.po.Assess" >
    <id column="Aid" property="aid" jdbcType="INTEGER" />
    <result column="Stid" property="stid" jdbcType="INTEGER" />
    <result column="Adetail" property="adetail" jdbcType="VARCHAR" />
    <result column="Uname" property="uname" jdbcType="VARCHAR" />
    <result column="Atime" property="atime" jdbcType="DATE" />
  </resultMap>
  <sql id="Example_Where_Clause" >
    <where >
      <foreach collection="oredCriteria" item="criteria" separator="or" >
        <if test="criteria.valid" >
          <trim prefix="(" suffix=")" prefixOverrides="and" >
            <foreach collection="criteria.criteria" item="criterion" >
              <choose >
                <when test="criterion.noValue" >
                  and ${criterion.condition}
                </when>
                <when test="criterion.singleValue" >
                  and ${criterion.condition} #{criterion.value}
                </when>
                <when test="criterion.betweenValue" >
                  and ${criterion.condition} #{criterion.value} and #{criterion.secondValue}
                </when>
                <when test="criterion.listValue" >
                  and ${criterion.condition}
                  <foreach collection="criterion.value" item="listItem" open="(" close=")" separator="," >
                    #{listItem}
                  </foreach>
                </when>
              </choose>
            </foreach>
          </trim>
        </if>
      </foreach>
    </where>
  </sql>
  <sql id="Update_By_Example_Where_Clause" >
    <where >
      <foreach collection="example.oredCriteria" item="criteria" separator="or" >
        <if test="criteria.valid" >
          <trim prefix="(" suffix=")" prefixOverrides="and" >
            <foreach collection="criteria.criteria" item="criterion" >
              <choose >
                <when test="criterion.noValue" >
                  and ${criterion.condition}
                </when>
                <when test="criterion.singleValue" >
                  and ${criterion.condition} #{criterion.value}
                </when>
                <when test="criterion.betweenValue" >
                  and ${criterion.condition} #{criterion.value} and #{criterion.secondValue}
                </when>
                <when test="criterion.listValue" >
                  and ${criterion.condition}
                  <foreach collection="criterion.value" item="listItem" open="(" close=")" separator="," >
                    #{listItem}
                  </foreach>
                </when>
              </choose>
            </foreach>
          </trim>
        </if>
      </foreach>
    </where>
  </sql>
  <sql id="Base_Column_List" >
    Aid, Stid, Adetail, Uname, Atime
  </sql>
  <select id="selectByExample" resultMap="BaseResultMap" parameterType="com.xiaohe.po.AssessExample" >
    select
    <if test="distinct" >
      distinct
    </if>
    <include refid="Base_Column_List" />
    from assess
    <if test="_parameter != null" >
      <include refid="Example_Where_Clause" />
    </if>
    <if test="orderByClause != null" >
      order by ${orderByClause}
    </if>
  </select>
  <select id="selectByPrimaryKey" resultMap="BaseResultMap" parameterType="java.lang.Integer" >
    select 
    <include refid="Base_Column_List" />
    from assess
    where Aid = #{aid,jdbcType=INTEGER}
  </select>
  <delete id="deleteByPrimaryKey" parameterType="java.lang.Integer" >
    delete from assess
    where Aid = #{aid,jdbcType=INTEGER}
  </delete>
  <delete id="deleteByExample" parameterType="com.xiaohe.po.AssessExample" >
    delete from assess
    <if test="_parameter != null" >
      <include refid="Example_Where_Clause" />
    </if>
  </delete>
  <insert id="insert" parameterType="com.xiaohe.po.Assess" >
    insert into assess (Aid, Stid, Adetail, 
      Uname, Atime)
    values (#{aid,jdbcType=INTEGER}, #{stid,jdbcType=INTEGER}, #{adetail,jdbcType=VARCHAR}, 
      #{uname,jdbcType=VARCHAR}, #{atime,jdbcType=DATE})
  </insert>
  <insert id="insertSelective" parameterType="com.xiaohe.po.Assess" >
    insert into assess
    <trim prefix="(" suffix=")" suffixOverrides="," >
      <if test="aid != null" >
        Aid,
      </if>
      <if test="stid != null" >
        Stid,
      </if>
      <if test="adetail != null" >
        Adetail,
      </if>
      <if test="uname != null" >
        Uname,
      </if>
      <if test="atime != null" >
        Atime,
      </if>
    </trim>
    <trim prefix="values (" suffix=")" suffixOverrides="," >
      <if test="aid != null" >
        #{aid,jdbcType=INTEGER},
      </if>
      <if test="stid != null" >
        #{stid,jdbcType=INTEGER},
      </if>
      <if test="adetail != null" >
        #{adetail,jdbcType=VARCHAR},
      </if>
      <if test="uname != null" >
        #{uname,jdbcType=VARCHAR},
      </if>
      <if test="atime != null" >
        #{atime,jdbcType=DATE},
      </if>
    </trim>
  </insert>
  <select id="countByExample" parameterType="com.xiaohe.po.AssessExample" resultType="java.lang.Integer" >
    select count(*) from assess
    <if test="_parameter != null" >
      <include refid="Example_Where_Clause" />
    </if>
  </select>
  <update id="updateByExampleSelective" parameterType="map" >
    update assess
    <set >
      <if test="record.aid != null" >
        Aid = #{record.aid,jdbcType=INTEGER},
      </if>
      <if test="record.stid != null" >
        Stid = #{record.stid,jdbcType=INTEGER},
      </if>
      <if test="record.adetail != null" >
        Adetail = #{record.adetail,jdbcType=VARCHAR},
      </if>
      <if test="record.uname != null" >
        Uname = #{record.uname,jdbcType=VARCHAR},
      </if>
      <if test="record.atime != null" >
        Atime = #{record.atime,jdbcType=DATE},
      </if>
    </set>
    <if test="_parameter != null" >
      <include refid="Update_By_Example_Where_Clause" />
    </if>
  </update>
  <update id="updateByExample" parameterType="map" >
    update assess
    set Aid = #{record.aid,jdbcType=INTEGER},
      Stid = #{record.stid,jdbcType=INTEGER},
      Adetail = #{record.adetail,jdbcType=VARCHAR},
      Uname = #{record.uname,jdbcType=VARCHAR},
      Atime = #{record.atime,jdbcType=DATE}
    <if test="_parameter != null" >
      <include refid="Update_By_Example_Where_Clause" />
    </if>
  </update>
  <update id="updateByPrimaryKeySelective" parameterType="com.xiaohe.po.Assess" >
    update assess
    <set >
      <if test="stid != null" >
        Stid = #{stid,jdbcType=INTEGER},
      </if>
      <if test="adetail != null" >
        Adetail = #{adetail,jdbcType=VARCHAR},
      </if>
      <if test="uname != null" >
        Uname = #{uname,jdbcType=VARCHAR},
      </if>
      <if test="atime != null" >
        Atime = #{atime,jdbcType=DATE},
      </if>
    </set>
    where Aid = #{aid,jdbcType=INTEGER}
  </update>
  <update id="updateByPrimaryKey" parameterType="com.xiaohe.po.Assess" >
    update assess
    set Stid = #{stid,jdbcType=INTEGER},
      Adetail = #{adetail,jdbcType=VARCHAR},
      Uname = #{uname,jdbcType=VARCHAR},
      Atime = #{atime,jdbcType=DATE}
    where Aid = #{aid,jdbcType=INTEGER}
  </update>
</mapper>