<?xml version="1.0" encoding="UTF-8"?>
<!DOCTYPE mapper PUBLIC "-//mybatis.org//DTD Mapper 3.0//EN" "http://mybatis.org/dtd/mybatis-3-mapper.dtd" >

<mapper namespace="com.xiaohe.mapper.AssUserShopMapperCustom" >
<!-- 搜索评论信息 -->
<select id="searchAss"  resultType="com.xiaohe.po.AssUserShopVo">

	select shopinfo.Sid,shopinfo.Sname,users.Uname,assess.* 
	from shopinfo,users,assess 
	where assess.Stid=shopinfo.Sid and assess.Uname=users.Uname

</select>

<select id="searchAssess" resultType="com.xiaohe.po.AssessCustom">
	select shopinfo.* ,assess.* from shopinfo,assess where assess.Stid=shopinfo.Sid

</select>

<select id="queryAssessAllCount" resultType="int">
	select count(*) from assess
</select>

<!-- 删除评论 -->
<delete id="deleteass" parameterType="int">
	delete from assess where Aid=#{aid}

</delete>

<!-- 批量删除 -->
<delete id="DeleteMoreById" parameterType="com.xiaohe.po.AssessQueryVo">
	 delete from assess where Aid in
	 
		<foreach collection="ids" open="(" close=")" item="id" separator=",">
			#{id}
		</foreach>
</delete>




</mapper>