<?xml version="1.0" encoding="UTF-8" ?>
<!DOCTYPE mapper PUBLIC "-//mybatis.org//DTD Mapper 3.0//EN" "http://mybatis.org/dtd/mybatis-3-mapper.dtd" >
<mapper namespace="com.xiaohe.mapper.ControllersMapperCustom" >

	<!-- 定义sql片段 -->
	<sql id="query_manager_where">
	<!--  使用动态sql，通过if判断，满足条件进行动态sql拼接-->
	<!--  商品查询条件通过ItemsQueryVo这个包装类的ItemsCutom属性进行传递-->
	<if test="cname!=null">
		<if test="cname!=null and cname!=''">
			controllers.Cname like '%${cname}%'
		</if>
	</if>
	</sql>






	<insert id="addManager" parameterType="com.xiaohe.po.ControllersCustom">
	
		insert into controllers(Cname,Cpwd,Csex,
		Cphone,Cremark,Crole,Cemail
		) values(#{cname},#{cpwd},#{csex},#{cphone},#{cremark},#{crole},#{cemail}
		)
		
	</insert>

	
	<select id="queryManager" parameterType="com.xiaohe.po.ControllersCustom" resultType="com.xiaohe.po.ControllersCustom">
		
		select * from controllers 
		<where>
  			 <include refid="query_manager_where"></include>
  		
  		</where>
	
	</select>


	<delete id="deleteMoreManager" parameterType="com.xiaohe.po.ControllersQueryVo" >
	
		 delete from controllers where Cid in
		<!-- (?,?,?,?,?) -->
		<foreach collection="managerId" open="(" close=")" item="id" separator=",">
			#{id}
		</foreach>
	
	</delete>
	
	
	<select id="queryManagerCount" resultType="int" >
	
		select count(*) from controllers 
	
	</select>


	<select id="queryAllManager" resultType="com.xiaohe.po.ControllersCustom">
	
		select * from controllers 
	
	</select>



	<insert id="addPower" parameterType="com.xiaohe.po.PowerQueryVo">
	
		<!-- insert into power(Pcid,Pwname,Pdetail,Pmenu) values(#{integerId},#{powerCustom.pwname},#{powerCustom.pdetail},#{sMunuName}) -->
			insert into power
			(Pcid,Pwname,Pdetail,Pmenu) 
			values(#{integerId},#{powerCustom.pwname},#{powerCustom.pdetail},#{sMunuName})
	</insert>
	
	
	<select id="queryAllManagerByGroup" resultType="com.xiaohe.po.ControllersCustom">
	
		select * from controllers
		
	</select>


	<select id="findManagerPowerById" parameterType="int" resultType="com.xiaohe.po.PowerCustom">
		
		select * from power where Pcid=#{cid}
	
	</select>



	<select id="selectPowerCount" resultType="int" parameterType="int">
	
		select count(*) from power where Pcid=#{cid}
	
	</select>
	
	
	<delete id="deleteMorePower" parameterType="int">
	
		delete from power where Pcid=#{cid}
	
	</delete>
	
	
	<insert id="addPowerBySingle" parameterType="com.xiaohe.po.PowerQueryVo" >
	
		insert into power
			(Pcid,Pwname,Pdetail,Pmenu) 
			values(#{integerId},#{powerCustom.pwname},#{powerCustom.pdetail},#{sMunuName})
	</insert>
	
	
	
	
	<!-- 蒙莞的 -->
	
	<select id="selectAdmin" parameterType="controllers" resultType="com.xiaohe.po.Controllers">
		
		select Cname,Cpwd from controllers where Cname = #{cname} and Cpwd =#{cpwd}
	</select>
	
</mapper>
