<?xml version="1.0" encoding="UTF-8" ?>
<!DOCTYPE mapper PUBLIC "-//mybatis.org//DTD Mapper 3.0//EN" "http://mybatis.org/dtd/mybatis-3-mapper.dtd" >
<mapper namespace="com.xiaohe.mapper.ControllersMapper" >
  <resultMap id="BaseResultMap" type="com.xiaohe.po.Controllers" >
    <id column="Cid" property="cid" jdbcType="INTEGER" />
    <result column="Cname" property="cname" jdbcType="VARCHAR" />
    <result column="Cpwd" property="cpwd" jdbcType="VARCHAR" />
    <result column="Csex" property="csex" jdbcType="VARCHAR" />
    <result column="Cphone" property="cphone" jdbcType="VARCHAR" />
    <result column="Cremark" property="cremark" jdbcType="VARCHAR" />
    <result column="Crole" property="crole" jdbcType="VARCHAR" />
    <result column="Cemail" property="cemail" jdbcType="VARCHAR" />
  </resultMap>
  <sql id="Example_Where_Clause" >
    <where >
      <foreach collection="oredCriteria" item="criteria" separator="or" >
        <if test="criteria.valid" >
          <trim prefix="(" suffix=")" prefixOverrides="and" >
            <foreach collection="criteria.criteria" item="criterion" >
              <choose >
                <when test="criterion.noValue" >
                  and ${criterion.condition}
                </when>
                <when test="criterion.singleValue" >
                  and ${criterion.condition} #{criterion.value}
                </when>
                <when test="criterion.betweenValue" >
                  and ${criterion.condition} #{criterion.value} and #{criterion.secondValue}
                </when>
                <when test="criterion.listValue" >
                  and ${criterion.condition}
                  <foreach collection="criterion.value" item="listItem" open="(" close=")" separator="," >
                    #{listItem}
                  </foreach>
                </when>
              </choose>
            </foreach>
          </trim>
        </if>
      </foreach>
    </where>
  </sql>
  <sql id="Update_By_Example_Where_Clause" >
    <where >
      <foreach collection="example.oredCriteria" item="criteria" separator="or" >
        <if test="criteria.valid" >
          <trim prefix="(" suffix=")" prefixOverrides="and" >
            <foreach collection="criteria.criteria" item="criterion" >
              <choose >
                <when test="criterion.noValue" >
                  and ${criterion.condition}
                </when>
                <when test="criterion.singleValue" >
                  and ${criterion.condition} #{criterion.value}
                </when>
                <when test="criterion.betweenValue" >
                  and ${criterion.condition} #{criterion.value} and #{criterion.secondValue}
                </when>
                <when test="criterion.listValue" >
                  and ${criterion.condition}
                  <foreach collection="criterion.value" item="listItem" open="(" close=")" separator="," >
                    #{listItem}
                  </foreach>
                </when>
              </choose>
            </foreach>
          </trim>
        </if>
      </foreach>
    </where>
  </sql>
  <sql id="Base_Column_List" >
    Cid, Cname, Cpwd, Csex, Cphone, Cremark, Crole, Cemail
  </sql>
  <select id="selectByExample" resultMap="BaseResultMap" parameterType="com.xiaohe.po.ControllersExample" >
    select
    <if test="distinct" >
      distinct
    </if>
    <include refid="Base_Column_List" />
    from controllers
    <if test="_parameter != null" >
      <include refid="Example_Where_Clause" />
    </if>
    <if test="orderByClause != null" >
      order by ${orderByClause}
    </if>
  </select>
  <select id="selectByPrimaryKey" resultMap="BaseResultMap" parameterType="java.lang.Integer" >
    select 
    <include refid="Base_Column_List" />
    from controllers
    where Cid = #{cid,jdbcType=INTEGER}
  </select>
  <delete id="deleteByPrimaryKey" parameterType="java.lang.Integer" >
    delete from controllers
    where Cid = #{cid,jdbcType=INTEGER}
  </delete>
  <delete id="deleteByExample" parameterType="com.xiaohe.po.ControllersExample" >
    delete from controllers
    <if test="_parameter != null" >
      <include refid="Example_Where_Clause" />
    </if>
  </delete>
  <insert id="insert" parameterType="com.xiaohe.po.Controllers" >
    insert into controllers (Cid, Cname, Cpwd, 
      Csex, Cphone, Cremark, 
      Crole, Cemail)
    values (#{cid,jdbcType=INTEGER}, #{cname,jdbcType=VARCHAR}, #{cpwd,jdbcType=VARCHAR}, 
      #{csex,jdbcType=VARCHAR}, #{cphone,jdbcType=VARCHAR}, #{cremark,jdbcType=VARCHAR}, 
      #{crole,jdbcType=VARCHAR}, #{cemail,jdbcType=VARCHAR})
  </insert>
  <insert id="insertSelective" parameterType="com.xiaohe.po.Controllers" >
    insert into controllers
    <trim prefix="(" suffix=")" suffixOverrides="," >
      <if test="cid != null" >
        Cid,
      </if>
      <if test="cname != null" >
        Cname,
      </if>
      <if test="cpwd != null" >
        Cpwd,
      </if>
      <if test="csex != null" >
        Csex,
      </if>
      <if test="cphone != null" >
        Cphone,
      </if>
      <if test="cremark != null" >
        Cremark,
      </if>
      <if test="crole != null" >
        Crole,
      </if>
      <if test="cemail != null" >
        Cemail,
      </if>
    </trim>
    <trim prefix="values (" suffix=")" suffixOverrides="," >
      <if test="cid != null" >
        #{cid,jdbcType=INTEGER},
      </if>
      <if test="cname != null" >
        #{cname,jdbcType=VARCHAR},
      </if>
      <if test="cpwd != null" >
        #{cpwd,jdbcType=VARCHAR},
      </if>
      <if test="csex != null" >
        #{csex,jdbcType=VARCHAR},
      </if>
      <if test="cphone != null" >
        #{cphone,jdbcType=VARCHAR},
      </if>
      <if test="cremark != null" >
        #{cremark,jdbcType=VARCHAR},
      </if>
      <if test="crole != null" >
        #{crole,jdbcType=VARCHAR},
      </if>
      <if test="cemail != null" >
        #{cemail,jdbcType=VARCHAR},
      </if>
    </trim>
  </insert>
  <select id="countByExample" parameterType="com.xiaohe.po.ControllersExample" resultType="java.lang.Integer" >
    select count(*) from controllers
    <if test="_parameter != null" >
      <include refid="Example_Where_Clause" />
    </if>
  </select>
  <update id="updateByExampleSelective" parameterType="map" >
    update controllers
    <set >
      <if test="record.cid != null" >
        Cid = #{record.cid,jdbcType=INTEGER},
      </if>
      <if test="record.cname != null" >
        Cname = #{record.cname,jdbcType=VARCHAR},
      </if>
      <if test="record.cpwd != null" >
        Cpwd = #{record.cpwd,jdbcType=VARCHAR},
      </if>
      <if test="record.csex != null" >
        Csex = #{record.csex,jdbcType=VARCHAR},
      </if>
      <if test="record.cphone != null" >
        Cphone = #{record.cphone,jdbcType=VARCHAR},
      </if>
      <if test="record.cremark != null" >
        Cremark = #{record.cremark,jdbcType=VARCHAR},
      </if>
      <if test="record.crole != null" >
        Crole = #{record.crole,jdbcType=VARCHAR},
      </if>
      <if test="record.cemail != null" >
        Cemail = #{record.cemail,jdbcType=VARCHAR},
      </if>
    </set>
    <if test="_parameter != null" >
      <include refid="Update_By_Example_Where_Clause" />
    </if>
  </update>
  <update id="updateByExample" parameterType="map" >
    update controllers
    set Cid = #{record.cid,jdbcType=INTEGER},
      Cname = #{record.cname,jdbcType=VARCHAR},
      Cpwd = #{record.cpwd,jdbcType=VARCHAR},
      Csex = #{record.csex,jdbcType=VARCHAR},
      Cphone = #{record.cphone,jdbcType=VARCHAR},
      Cremark = #{record.cremark,jdbcType=VARCHAR},
      Crole = #{record.crole,jdbcType=VARCHAR},
      Cemail = #{record.cemail,jdbcType=VARCHAR}
    <if test="_parameter != null" >
      <include refid="Update_By_Example_Where_Clause" />
    </if>
  </update>
  <update id="updateByPrimaryKeySelective" parameterType="com.xiaohe.po.Controllers" >
    update controllers
    <set >
      <if test="cname != null" >
        Cname = #{cname,jdbcType=VARCHAR},
      </if>
      <if test="cpwd != null" >
        Cpwd = #{cpwd,jdbcType=VARCHAR},
      </if>
      <if test="csex != null" >
        Csex = #{csex,jdbcType=VARCHAR},
      </if>
      <if test="cphone != null" >
        Cphone = #{cphone,jdbcType=VARCHAR},
      </if>
      <if test="cremark != null" >
        Cremark = #{cremark,jdbcType=VARCHAR},
      </if>
      <if test="crole != null" >
        Crole = #{crole,jdbcType=VARCHAR},
      </if>
      <if test="cemail != null" >
        Cemail = #{cemail,jdbcType=VARCHAR},
      </if>
    </set>
    where Cid = #{cid,jdbcType=INTEGER}
  </update>
  <update id="updateByPrimaryKey" parameterType="com.xiaohe.po.Controllers" >
    update controllers
    set Cname = #{cname,jdbcType=VARCHAR},
      Cpwd = #{cpwd,jdbcType=VARCHAR},
      Csex = #{csex,jdbcType=VARCHAR},
      Cphone = #{cphone,jdbcType=VARCHAR},
      Cremark = #{cremark,jdbcType=VARCHAR},
      Crole = #{crole,jdbcType=VARCHAR},
      Cemail = #{cemail,jdbcType=VARCHAR}
    where Cid = #{cid,jdbcType=INTEGER}
  </update>
</mapper>