<?xml version="1.0" encoding="UTF-8" ?>
<!DOCTYPE mapper PUBLIC "-//mybatis.org//DTD Mapper 3.0//EN" "http://mybatis.org/dtd/mybatis-3-mapper.dtd" >
<mapper namespace="com.xiaohe.mapper.ItemdiscountMapper" >
  <resultMap id="BaseResultMap" type="com.xiaohe.po.Itemdiscount" >
    <id column="Disid" property="disid" jdbcType="INTEGER" />
    <result column="Did" property="did" jdbcType="INTEGER" />
    <result column="Disc" property="disc" jdbcType="REAL" />
    <result column="Dstart" property="dstart" jdbcType="DATE" />
    <result column="Dend" property="dend" jdbcType="DATE" />
  </resultMap>
  <sql id="Example_Where_Clause" >
    <where >
      <foreach collection="oredCriteria" item="criteria" separator="or" >
        <if test="criteria.valid" >
          <trim prefix="(" suffix=")" prefixOverrides="and" >
            <foreach collection="criteria.criteria" item="criterion" >
              <choose >
                <when test="criterion.noValue" >
                  and ${criterion.condition}
                </when>
                <when test="criterion.singleValue" >
                  and ${criterion.condition} #{criterion.value}
                </when>
                <when test="criterion.betweenValue" >
                  and ${criterion.condition} #{criterion.value} and #{criterion.secondValue}
                </when>
                <when test="criterion.listValue" >
                  and ${criterion.condition}
                  <foreach collection="criterion.value" item="listItem" open="(" close=")" separator="," >
                    #{listItem}
                  </foreach>
                </when>
              </choose>
            </foreach>
          </trim>
        </if>
      </foreach>
    </where>
  </sql>
  <sql id="Update_By_Example_Where_Clause" >
    <where >
      <foreach collection="example.oredCriteria" item="criteria" separator="or" >
        <if test="criteria.valid" >
          <trim prefix="(" suffix=")" prefixOverrides="and" >
            <foreach collection="criteria.criteria" item="criterion" >
              <choose >
                <when test="criterion.noValue" >
                  and ${criterion.condition}
                </when>
                <when test="criterion.singleValue" >
                  and ${criterion.condition} #{criterion.value}
                </when>
                <when test="criterion.betweenValue" >
                  and ${criterion.condition} #{criterion.value} and #{criterion.secondValue}
                </when>
                <when test="criterion.listValue" >
                  and ${criterion.condition}
                  <foreach collection="criterion.value" item="listItem" open="(" close=")" separator="," >
                    #{listItem}
                  </foreach>
                </when>
              </choose>
            </foreach>
          </trim>
        </if>
      </foreach>
    </where>
  </sql>
  <sql id="Base_Column_List" >
    Disid, Did, Disc, Dstart, Dend
  </sql>
  <select id="selectByExample" resultMap="BaseResultMap" parameterType="com.xiaohe.po.ItemdiscountExample" >
    select
    <if test="distinct" >
      distinct
    </if>
    <include refid="Base_Column_List" />
    from itemdiscount
    <if test="_parameter != null" >
      <include refid="Example_Where_Clause" />
    </if>
    <if test="orderByClause != null" >
      order by ${orderByClause}
    </if>
  </select>
  <select id="selectByPrimaryKey" resultMap="BaseResultMap" parameterType="java.lang.Integer" >
    select 
    <include refid="Base_Column_List" />
    from itemdiscount
    where Disid = #{disid,jdbcType=INTEGER}
  </select>
  <delete id="deleteByPrimaryKey" parameterType="java.lang.Integer" >
    delete from itemdiscount
    where Disid = #{disid,jdbcType=INTEGER}
  </delete>
  <delete id="deleteByExample" parameterType="com.xiaohe.po.ItemdiscountExample" >
    delete from itemdiscount
    <if test="_parameter != null" >
      <include refid="Example_Where_Clause" />
    </if>
  </delete>
  <insert id="insert" parameterType="com.xiaohe.po.Itemdiscount" >
    insert into itemdiscount (Disid, Did, Disc, 
      Dstart, Dend)
    values (#{disid,jdbcType=INTEGER}, #{did,jdbcType=INTEGER}, #{disc,jdbcType=REAL}, 
      #{dstart,jdbcType=DATE}, #{dend,jdbcType=DATE})
  </insert>
  <insert id="insertSelective" parameterType="com.xiaohe.po.Itemdiscount" >
    insert into itemdiscount
    <trim prefix="(" suffix=")" suffixOverrides="," >
      <if test="disid != null" >
        Disid,
      </if>
      <if test="did != null" >
        Did,
      </if>
      <if test="disc != null" >
        Disc,
      </if>
      <if test="dstart != null" >
        Dstart,
      </if>
      <if test="dend != null" >
        Dend,
      </if>
    </trim>
    <trim prefix="values (" suffix=")" suffixOverrides="," >
      <if test="disid != null" >
        #{disid,jdbcType=INTEGER},
      </if>
      <if test="did != null" >
        #{did,jdbcType=INTEGER},
      </if>
      <if test="disc != null" >
        #{disc,jdbcType=REAL},
      </if>
      <if test="dstart != null" >
        #{dstart,jdbcType=DATE},
      </if>
      <if test="dend != null" >
        #{dend,jdbcType=DATE},
      </if>
    </trim>
  </insert>
  <select id="countByExample" parameterType="com.xiaohe.po.ItemdiscountExample" resultType="java.lang.Integer" >
    select count(*) from itemdiscount
    <if test="_parameter != null" >
      <include refid="Example_Where_Clause" />
    </if>
  </select>
  <update id="updateByExampleSelective" parameterType="map" >
    update itemdiscount
    <set >
      <if test="record.disid != null" >
        Disid = #{record.disid,jdbcType=INTEGER},
      </if>
      <if test="record.did != null" >
        Did = #{record.did,jdbcType=INTEGER},
      </if>
      <if test="record.disc != null" >
        Disc = #{record.disc,jdbcType=REAL},
      </if>
      <if test="record.dstart != null" >
        Dstart = #{record.dstart,jdbcType=DATE},
      </if>
      <if test="record.dend != null" >
        Dend = #{record.dend,jdbcType=DATE},
      </if>
    </set>
    <if test="_parameter != null" >
      <include refid="Update_By_Example_Where_Clause" />
    </if>
  </update>
  <update id="updateByExample" parameterType="map" >
    update itemdiscount
    set Disid = #{record.disid,jdbcType=INTEGER},
      Did = #{record.did,jdbcType=INTEGER},
      Disc = #{record.disc,jdbcType=REAL},
      Dstart = #{record.dstart,jdbcType=DATE},
      Dend = #{record.dend,jdbcType=DATE}
    <if test="_parameter != null" >
      <include refid="Update_By_Example_Where_Clause" />
    </if>
  </update>
  <update id="updateByPrimaryKeySelective" parameterType="com.xiaohe.po.Itemdiscount" >
    update itemdiscount
    <set >
      <if test="did != null" >
        Did = #{did,jdbcType=INTEGER},
      </if>
      <if test="disc != null" >
        Disc = #{disc,jdbcType=REAL},
      </if>
      <if test="dstart != null" >
        Dstart = #{dstart,jdbcType=DATE},
      </if>
      <if test="dend != null" >
        Dend = #{dend,jdbcType=DATE},
      </if>
    </set>
    where Disid = #{disid,jdbcType=INTEGER}
  </update>
  <update id="updateByPrimaryKey" parameterType="com.xiaohe.po.Itemdiscount" >
    update itemdiscount
    set Did = #{did,jdbcType=INTEGER},
      Disc = #{disc,jdbcType=REAL},
      Dstart = #{dstart,jdbcType=DATE},
      Dend = #{dend,jdbcType=DATE}
    where Disid = #{disid,jdbcType=INTEGER}
  </update>
</mapper>