<?xml version="1.0" encoding="UTF-8" ?>
<!DOCTYPE mapper PUBLIC "-//mybatis.org//DTD Mapper 3.0//EN" "http://mybatis.org/dtd/mybatis-3-mapper.dtd" >
<mapper namespace="com.xiaohe.mapper.MenuMapper" >
  <resultMap id="BaseResultMap" type="com.xiaohe.po.Menu" >
    <id column="Mid" property="mid" jdbcType="INTEGER" />
    <result column="Mcid" property="mcid" jdbcType="INTEGER" />
    <result column="Mname" property="mname" jdbcType="VARCHAR" />
  </resultMap>
  <sql id="Example_Where_Clause" >
    <where >
      <foreach collection="oredCriteria" item="criteria" separator="or" >
        <if test="criteria.valid" >
          <trim prefix="(" suffix=")" prefixOverrides="and" >
            <foreach collection="criteria.criteria" item="criterion" >
              <choose >
                <when test="criterion.noValue" >
                  and ${criterion.condition}
                </when>
                <when test="criterion.singleValue" >
                  and ${criterion.condition} #{criterion.value}
                </when>
                <when test="criterion.betweenValue" >
                  and ${criterion.condition} #{criterion.value} and #{criterion.secondValue}
                </when>
                <when test="criterion.listValue" >
                  and ${criterion.condition}
                  <foreach collection="criterion.value" item="listItem" open="(" close=")" separator="," >
                    #{listItem}
                  </foreach>
                </when>
              </choose>
            </foreach>
          </trim>
        </if>
      </foreach>
    </where>
  </sql>
  <sql id="Update_By_Example_Where_Clause" >
    <where >
      <foreach collection="example.oredCriteria" item="criteria" separator="or" >
        <if test="criteria.valid" >
          <trim prefix="(" suffix=")" prefixOverrides="and" >
            <foreach collection="criteria.criteria" item="criterion" >
              <choose >
                <when test="criterion.noValue" >
                  and ${criterion.condition}
                </when>
                <when test="criterion.singleValue" >
                  and ${criterion.condition} #{criterion.value}
                </when>
                <when test="criterion.betweenValue" >
                  and ${criterion.condition} #{criterion.value} and #{criterion.secondValue}
                </when>
                <when test="criterion.listValue" >
                  and ${criterion.condition}
                  <foreach collection="criterion.value" item="listItem" open="(" close=")" separator="," >
                    #{listItem}
                  </foreach>
                </when>
              </choose>
            </foreach>
          </trim>
        </if>
      </foreach>
    </where>
  </sql>
  <sql id="Base_Column_List" >
    Mid, Mcid, Mname
  </sql>
  <select id="selectByExample" resultMap="BaseResultMap" parameterType="com.xiaohe.po.MenuExample" >
    select
    <if test="distinct" >
      distinct
    </if>
    <include refid="Base_Column_List" />
    from menu
    <if test="_parameter != null" >
      <include refid="Example_Where_Clause" />
    </if>
    <if test="orderByClause != null" >
      order by ${orderByClause}
    </if>
  </select>
  <select id="selectByPrimaryKey" resultMap="BaseResultMap" parameterType="java.lang.Integer" >
    select 
    <include refid="Base_Column_List" />
    from menu
    where Mid = #{mid,jdbcType=INTEGER}
  </select>
  <delete id="deleteByPrimaryKey" parameterType="java.lang.Integer" >
    delete from menu
    where Mid = #{mid,jdbcType=INTEGER}
  </delete>
  <delete id="deleteByExample" parameterType="com.xiaohe.po.MenuExample" >
    delete from menu
    <if test="_parameter != null" >
      <include refid="Example_Where_Clause" />
    </if>
  </delete>
  <insert id="insert" parameterType="com.xiaohe.po.Menu" >
    insert into menu (Mid, Mcid, Mname
      )
    values (#{mid,jdbcType=INTEGER}, #{mcid,jdbcType=INTEGER}, #{mname,jdbcType=VARCHAR}
      )
  </insert>
  <insert id="insertSelective" parameterType="com.xiaohe.po.Menu" >
    insert into menu
    <trim prefix="(" suffix=")" suffixOverrides="," >
      <if test="mid != null" >
        Mid,
      </if>
      <if test="mcid != null" >
        Mcid,
      </if>
      <if test="mname != null" >
        Mname,
      </if>
    </trim>
    <trim prefix="values (" suffix=")" suffixOverrides="," >
      <if test="mid != null" >
        #{mid,jdbcType=INTEGER},
      </if>
      <if test="mcid != null" >
        #{mcid,jdbcType=INTEGER},
      </if>
      <if test="mname != null" >
        #{mname,jdbcType=VARCHAR},
      </if>
    </trim>
  </insert>
  <select id="countByExample" parameterType="com.xiaohe.po.MenuExample" resultType="java.lang.Integer" >
    select count(*) from menu
    <if test="_parameter != null" >
      <include refid="Example_Where_Clause" />
    </if>
  </select>
  <update id="updateByExampleSelective" parameterType="map" >
    update menu
    <set >
      <if test="record.mid != null" >
        Mid = #{record.mid,jdbcType=INTEGER},
      </if>
      <if test="record.mcid != null" >
        Mcid = #{record.mcid,jdbcType=INTEGER},
      </if>
      <if test="record.mname != null" >
        Mname = #{record.mname,jdbcType=VARCHAR},
      </if>
    </set>
    <if test="_parameter != null" >
      <include refid="Update_By_Example_Where_Clause" />
    </if>
  </update>
  <update id="updateByExample" parameterType="map" >
    update menu
    set Mid = #{record.mid,jdbcType=INTEGER},
      Mcid = #{record.mcid,jdbcType=INTEGER},
      Mname = #{record.mname,jdbcType=VARCHAR}
    <if test="_parameter != null" >
      <include refid="Update_By_Example_Where_Clause" />
    </if>
  </update>
  <update id="updateByPrimaryKeySelective" parameterType="com.xiaohe.po.Menu" >
    update menu
    <set >
      <if test="mcid != null" >
        Mcid = #{mcid,jdbcType=INTEGER},
      </if>
      <if test="mname != null" >
        Mname = #{mname,jdbcType=VARCHAR},
      </if>
    </set>
    where Mid = #{mid,jdbcType=INTEGER}
  </update>
  <update id="updateByPrimaryKey" parameterType="com.xiaohe.po.Menu" >
    update menu
    set Mcid = #{mcid,jdbcType=INTEGER},
      Mname = #{mname,jdbcType=VARCHAR}
    where Mid = #{mid,jdbcType=INTEGER}
  </update>
</mapper>