<?xml version="1.0" encoding="UTF-8"?>
<!DOCTYPE mapper PUBLIC "-//mybatis.org//DTD Mapper 3.0//EN" "http://mybatis.org/dtd/mybatis-3-mapper.dtd" >
<mapper namespace="com.xiaohe.mapper.NoticeMapperCustom" >

<select id="qureyAllNotice" resultType="com.xiaohe.po.Notice">
		select * from notice 
</select>


<!--  添加文章  -->

<insert id="addNotice" parameterType="com.xiaohe.po.Notice">
	insert into notice(Ntitle,Ntcontent,Ntime) values( #{ntitle},#{ntcontent},NOW());
</insert>

<!-- 删除文章 -->
<delete id="deleteNotice" parameterType="java.lang.Integer">
	delete  from notice where Ntid = #{ntid}
</delete>

<!-- 批量删除文章 -->
<delete id="deleteNoticeByMoreId" parameterType="com.xiaohe.po.NoticeQueryVo">
	 delete from notice where Ntid in
	 
		<foreach collection="ids" open="(" close=")" item="id" separator=",">
			#{id}
		</foreach>
</delete>

<!-- 搜索文章 -->
<select id="searchNotice" resultType="com.xiaohe.po.Notice">
	select Ntid,Ntcontent,Ntime,Ntitle from notice 
 </select>
 
<!-- 查询文章条数 -->
<select id="queryNoticeAllCount" resultType="int">
		select count(*) from notice
</select>




</mapper>