<?xml version="1.0" encoding="UTF-8" ?>
<!DOCTYPE mapper PUBLIC "-//mybatis.org//DTD Mapper 3.0//EN" "http://mybatis.org/dtd/mybatis-3-mapper.dtd" >
<mapper namespace="com.xiaohe.mapper.NoticeMapper" >
  <resultMap id="BaseResultMap" type="com.xiaohe.po.Notice" >
    <id column="Ntid" property="ntid" jdbcType="INTEGER" />
    <result column="Ntcontent" property="ntcontent" jdbcType="VARCHAR" />
    <result column="Ntime" property="ntime" jdbcType="DATE" />
    <result column="Ntitle" property="ntitle" jdbcType="VARCHAR" />
  </resultMap>
  <sql id="Example_Where_Clause" >
    <where >
      <foreach collection="oredCriteria" item="criteria" separator="or" >
        <if test="criteria.valid" >
          <trim prefix="(" suffix=")" prefixOverrides="and" >
            <foreach collection="criteria.criteria" item="criterion" >
              <choose >
                <when test="criterion.noValue" >
                  and ${criterion.condition}
                </when>
                <when test="criterion.singleValue" >
                  and ${criterion.condition} #{criterion.value}
                </when>
                <when test="criterion.betweenValue" >
                  and ${criterion.condition} #{criterion.value} and #{criterion.secondValue}
                </when>
                <when test="criterion.listValue" >
                  and ${criterion.condition}
                  <foreach collection="criterion.value" item="listItem" open="(" close=")" separator="," >
                    #{listItem}
                  </foreach>
                </when>
              </choose>
            </foreach>
          </trim>
        </if>
      </foreach>
    </where>
  </sql>
  <sql id="Update_By_Example_Where_Clause" >
    <where >
      <foreach collection="example.oredCriteria" item="criteria" separator="or" >
        <if test="criteria.valid" >
          <trim prefix="(" suffix=")" prefixOverrides="and" >
            <foreach collection="criteria.criteria" item="criterion" >
              <choose >
                <when test="criterion.noValue" >
                  and ${criterion.condition}
                </when>
                <when test="criterion.singleValue" >
                  and ${criterion.condition} #{criterion.value}
                </when>
                <when test="criterion.betweenValue" >
                  and ${criterion.condition} #{criterion.value} and #{criterion.secondValue}
                </when>
                <when test="criterion.listValue" >
                  and ${criterion.condition}
                  <foreach collection="criterion.value" item="listItem" open="(" close=")" separator="," >
                    #{listItem}
                  </foreach>
                </when>
              </choose>
            </foreach>
          </trim>
        </if>
      </foreach>
    </where>
  </sql>
  <sql id="Base_Column_List" >
    Ntid, Ntcontent, Ntime, Ntitle
  </sql>
  <select id="selectByExample" resultMap="BaseResultMap" parameterType="com.xiaohe.po.NoticeExample" >
    select
    <if test="distinct" >
      distinct
    </if>
    <include refid="Base_Column_List" />
    from notice
    <if test="_parameter != null" >
      <include refid="Example_Where_Clause" />
    </if>
    <if test="orderByClause != null" >
      order by ${orderByClause}
    </if>
  </select>
  <select id="selectByPrimaryKey" resultMap="BaseResultMap" parameterType="java.lang.Integer" >
    select 
    <include refid="Base_Column_List" />
    from notice
    where Ntid = #{ntid,jdbcType=INTEGER}
  </select>
  <delete id="deleteByPrimaryKey" parameterType="java.lang.Integer" >
    delete from notice
    where Ntid = #{ntid,jdbcType=INTEGER}
  </delete>
  <delete id="deleteByExample" parameterType="com.xiaohe.po.NoticeExample" >
    delete from notice
    <if test="_parameter != null" >
      <include refid="Example_Where_Clause" />
    </if>
  </delete>
  <insert id="insert" parameterType="com.xiaohe.po.Notice" >
    insert into notice (Ntid, Ntcontent, Ntime, 
      Ntitle)
    values (#{ntid,jdbcType=INTEGER}, #{ntcontent,jdbcType=VARCHAR}, #{ntime,jdbcType=DATE}, 
      #{ntitle,jdbcType=VARCHAR})
  </insert>
  <insert id="insertSelective" parameterType="com.xiaohe.po.Notice" >
    insert into notice
    <trim prefix="(" suffix=")" suffixOverrides="," >
      <if test="ntid != null" >
        Ntid,
      </if>
      <if test="ntcontent != null" >
        Ntcontent,
      </if>
      <if test="ntime != null" >
        Ntime,
      </if>
      <if test="ntitle != null" >
        Ntitle,
      </if>
    </trim>
    <trim prefix="values (" suffix=")" suffixOverrides="," >
      <if test="ntid != null" >
        #{ntid,jdbcType=INTEGER},
      </if>
      <if test="ntcontent != null" >
        #{ntcontent,jdbcType=VARCHAR},
      </if>
      <if test="ntime != null" >
        #{ntime,jdbcType=DATE},
      </if>
      <if test="ntitle != null" >
        #{ntitle,jdbcType=VARCHAR},
      </if>
    </trim>
  </insert>
  <select id="countByExample" parameterType="com.xiaohe.po.NoticeExample" resultType="java.lang.Integer" >
    select count(*) from notice
    <if test="_parameter != null" >
      <include refid="Example_Where_Clause" />
    </if>
  </select>
  <update id="updateByExampleSelective" parameterType="map" >
    update notice
    <set >
      <if test="record.ntid != null" >
        Ntid = #{record.ntid,jdbcType=INTEGER},
      </if>
      <if test="record.ntcontent != null" >
        Ntcontent = #{record.ntcontent,jdbcType=VARCHAR},
      </if>
      <if test="record.ntime != null" >
        Ntime = #{record.ntime,jdbcType=DATE},
      </if>
      <if test="record.ntitle != null" >
        Ntitle = #{record.ntitle,jdbcType=VARCHAR},
      </if>
    </set>
    <if test="_parameter != null" >
      <include refid="Update_By_Example_Where_Clause" />
    </if>
  </update>
  <update id="updateByExample" parameterType="map" >
    update notice
    set Ntid = #{record.ntid,jdbcType=INTEGER},
      Ntcontent = #{record.ntcontent,jdbcType=VARCHAR},
      Ntime = #{record.ntime,jdbcType=DATE},
      Ntitle = #{record.ntitle,jdbcType=VARCHAR}
    <if test="_parameter != null" >
      <include refid="Update_By_Example_Where_Clause" />
    </if>
  </update>
  <update id="updateByPrimaryKeySelective" parameterType="com.xiaohe.po.Notice" >
    update notice
    <set >
      <if test="ntcontent != null" >
        Ntcontent = #{ntcontent,jdbcType=VARCHAR},
      </if>
      <if test="ntime != null" >
        Ntime = #{ntime,jdbcType=DATE},
      </if>
      <if test="ntitle != null" >
        Ntitle = #{ntitle,jdbcType=VARCHAR},
      </if>
    </set>
    where Ntid = #{ntid,jdbcType=INTEGER}
  </update>
  <update id="updateByPrimaryKey" parameterType="com.xiaohe.po.Notice" >
    update notice
    set Ntcontent = #{ntcontent,jdbcType=VARCHAR},
      Ntime = #{ntime,jdbcType=DATE},
      Ntitle = #{ntitle,jdbcType=VARCHAR}
    where Ntid = #{ntid,jdbcType=INTEGER}
  </update>
</mapper>