<?xml version="1.0" encoding="UTF-8" ?>
<!DOCTYPE mapper PUBLIC "-//mybatis.org//DTD Mapper 3.0//EN" "http://mybatis.org/dtd/mybatis-3-mapper.dtd" >
<mapper namespace="com.xiaohe.mapper.OrderMapper" >
  <resultMap id="BaseResultMap" type="com.xiaohe.po.Order" >
    <id column="Oid" property="oid" jdbcType="INTEGER" />
    <result column="osid" property="osid" jdbcType="INTEGER" />
    <result column="Bid" property="bid" jdbcType="INTEGER" />
    <result column="onum" property="onum" jdbcType="INTEGER" />
  </resultMap>
  <sql id="Example_Where_Clause" >
    <where >
      <foreach collection="oredCriteria" item="criteria" separator="or" >
        <if test="criteria.valid" >
          <trim prefix="(" suffix=")" prefixOverrides="and" >
            <foreach collection="criteria.criteria" item="criterion" >
              <choose >
                <when test="criterion.noValue" >
                  and ${criterion.condition}
                </when>
                <when test="criterion.singleValue" >
                  and ${criterion.condition} #{criterion.value}
                </when>
                <when test="criterion.betweenValue" >
                  and ${criterion.condition} #{criterion.value} and #{criterion.secondValue}
                </when>
                <when test="criterion.listValue" >
                  and ${criterion.condition}
                  <foreach collection="criterion.value" item="listItem" open="(" close=")" separator="," >
                    #{listItem}
                  </foreach>
                </when>
              </choose>
            </foreach>
          </trim>
        </if>
      </foreach>
    </where>
  </sql>
  <sql id="Update_By_Example_Where_Clause" >
    <where >
      <foreach collection="example.oredCriteria" item="criteria" separator="or" >
        <if test="criteria.valid" >
          <trim prefix="(" suffix=")" prefixOverrides="and" >
            <foreach collection="criteria.criteria" item="criterion" >
              <choose >
                <when test="criterion.noValue" >
                  and ${criterion.condition}
                </when>
                <when test="criterion.singleValue" >
                  and ${criterion.condition} #{criterion.value}
                </when>
                <when test="criterion.betweenValue" >
                  and ${criterion.condition} #{criterion.value} and #{criterion.secondValue}
                </when>
                <when test="criterion.listValue" >
                  and ${criterion.condition}
                  <foreach collection="criterion.value" item="listItem" open="(" close=")" separator="," >
                    #{listItem}
                  </foreach>
                </when>
              </choose>
            </foreach>
          </trim>
        </if>
      </foreach>
    </where>
  </sql>
  <sql id="Base_Column_List" >
    Oid, osid, Bid, onum
  </sql>
  <select id="selectByExample" resultMap="BaseResultMap" parameterType="com.xiaohe.po.OrderExample" >
    select
    <if test="distinct" >
      distinct
    </if>
    <include refid="Base_Column_List" />
    from order
    <if test="_parameter != null" >
      <include refid="Example_Where_Clause" />
    </if>
    <if test="orderByClause != null" >
      order by ${orderByClause}
    </if>
  </select>
  <select id="selectByPrimaryKey" resultMap="BaseResultMap" parameterType="java.lang.Integer" >
    select 
    <include refid="Base_Column_List" />
    from order
    where Oid = #{oid,jdbcType=INTEGER}
  </select>
  <delete id="deleteByPrimaryKey" parameterType="java.lang.Integer" >
    delete from order
    where Oid = #{oid,jdbcType=INTEGER}
  </delete>
  <delete id="deleteByExample" parameterType="com.xiaohe.po.OrderExample" >
    delete from order
    <if test="_parameter != null" >
      <include refid="Example_Where_Clause" />
    </if>
  </delete>
  <insert id="insert" parameterType="com.xiaohe.po.Order" >
    insert into order (Oid, osid, Bid, 
      onum)
    values (#{oid,jdbcType=INTEGER}, #{osid,jdbcType=INTEGER}, #{bid,jdbcType=INTEGER}, 
      #{onum,jdbcType=INTEGER})
  </insert>
  <insert id="insertSelective" parameterType="com.xiaohe.po.Order" >
    insert into order
    <trim prefix="(" suffix=")" suffixOverrides="," >
      <if test="oid != null" >
        Oid,
      </if>
      <if test="osid != null" >
        osid,
      </if>
      <if test="bid != null" >
        Bid,
      </if>
      <if test="onum != null" >
        onum,
      </if>
    </trim>
    <trim prefix="values (" suffix=")" suffixOverrides="," >
      <if test="oid != null" >
        #{oid,jdbcType=INTEGER},
      </if>
      <if test="osid != null" >
        #{osid,jdbcType=INTEGER},
      </if>
      <if test="bid != null" >
        #{bid,jdbcType=INTEGER},
      </if>
      <if test="onum != null" >
        #{onum,jdbcType=INTEGER},
      </if>
    </trim>
  </insert>
  <select id="countByExample" parameterType="com.xiaohe.po.OrderExample" resultType="java.lang.Integer" >
    select count(*) from order
    <if test="_parameter != null" >
      <include refid="Example_Where_Clause" />
    </if>
  </select>
  <update id="updateByExampleSelective" parameterType="map" >
    update order
    <set >
      <if test="record.oid != null" >
        Oid = #{record.oid,jdbcType=INTEGER},
      </if>
      <if test="record.osid != null" >
        osid = #{record.osid,jdbcType=INTEGER},
      </if>
      <if test="record.bid != null" >
        Bid = #{record.bid,jdbcType=INTEGER},
      </if>
      <if test="record.onum != null" >
        onum = #{record.onum,jdbcType=INTEGER},
      </if>
    </set>
    <if test="_parameter != null" >
      <include refid="Update_By_Example_Where_Clause" />
    </if>
  </update>
  <update id="updateByExample" parameterType="map" >
    update order
    set Oid = #{record.oid,jdbcType=INTEGER},
      osid = #{record.osid,jdbcType=INTEGER},
      Bid = #{record.bid,jdbcType=INTEGER},
      onum = #{record.onum,jdbcType=INTEGER}
    <if test="_parameter != null" >
      <include refid="Update_By_Example_Where_Clause" />
    </if>
  </update>
  <update id="updateByPrimaryKeySelective" parameterType="com.xiaohe.po.Order" >
    update order
    <set >
      <if test="osid != null" >
        osid = #{osid,jdbcType=INTEGER},
      </if>
      <if test="bid != null" >
        Bid = #{bid,jdbcType=INTEGER},
      </if>
      <if test="onum != null" >
        onum = #{onum,jdbcType=INTEGER},
      </if>
    </set>
    where Oid = #{oid,jdbcType=INTEGER}
  </update>
  <update id="updateByPrimaryKey" parameterType="com.xiaohe.po.Order" >
    update order
    set osid = #{osid,jdbcType=INTEGER},
      Bid = #{bid,jdbcType=INTEGER},
      onum = #{onum,jdbcType=INTEGER}
    where Oid = #{oid,jdbcType=INTEGER}
  </update>
</mapper>