<?xml version="1.0" encoding="UTF-8" ?>
<!DOCTYPE mapper PUBLIC "-//mybatis.org//DTD Mapper 3.0//EN" "http://mybatis.org/dtd/mybatis-3-mapper.dtd" >
<mapper namespace="com.xiaohe.mapper.PointMapperCustom" >

	<!-- 定义sql片段 -->
	<sql id="query_point_where">
	<!--  使用动态sql，通过if判断，满足条件进行动态sql拼接-->
	<!--  商品查询条件通过ItemsQueryVo这个包装类的ItemsCutom属性进行传递-->
	<if test="pname!=null">
		<if test="pname!=null and pname!='' ">
			Pname like '%${pname}%'
		</if>
	</if>
	</sql>



	<select id="searchUsersInPoint" parameterType="com.xiaohe.po.PointCustom" resultType="com.xiaohe.po.PointCustom"> 
	
		select * from point
  		<where>
  			 <include refid="query_point_where"></include>
  		
  		</where>
	
	</select>
	
	<select id="queryPointCount" resultType="int">
	
		select count(*) from point 
	
	</select>
	
	
	<delete id="deletePointByMoreId" parameterType="com.xiaohe.po.UsersQueryVo">
	
		delete from point where Pid in
		<!-- (?,?,?,?,?) -->
		<foreach collection="usersPoint" open="(" close=")" item="point_id" separator=",">
			#{point_id}
		</foreach>
	</delete>
	

</mapper>