<?xml version="1.0" encoding="UTF-8" ?>
<!DOCTYPE mapper PUBLIC "-//mybatis.org//DTD Mapper 3.0//EN" "http://mybatis.org/dtd/mybatis-3-mapper.dtd" >
<mapper namespace="com.xiaohe.mapper.PowerMapper" >
  <resultMap id="BaseResultMap" type="com.xiaohe.po.Power" >
    <id column="Pid" property="pid" jdbcType="INTEGER" />
    <result column="Pcid" property="pcid" jdbcType="INTEGER" />
    <result column="Pwname" property="pwname" jdbcType="VARCHAR" />
    <result column="Pdetail" property="pdetail" jdbcType="VARCHAR" />
    <result column="Pmenu" property="pmenu" jdbcType="VARCHAR" />
  </resultMap>
  <sql id="Example_Where_Clause" >
    <where >
      <foreach collection="oredCriteria" item="criteria" separator="or" >
        <if test="criteria.valid" >
          <trim prefix="(" suffix=")" prefixOverrides="and" >
            <foreach collection="criteria.criteria" item="criterion" >
              <choose >
                <when test="criterion.noValue" >
                  and ${criterion.condition}
                </when>
                <when test="criterion.singleValue" >
                  and ${criterion.condition} #{criterion.value}
                </when>
                <when test="criterion.betweenValue" >
                  and ${criterion.condition} #{criterion.value} and #{criterion.secondValue}
                </when>
                <when test="criterion.listValue" >
                  and ${criterion.condition}
                  <foreach collection="criterion.value" item="listItem" open="(" close=")" separator="," >
                    #{listItem}
                  </foreach>
                </when>
              </choose>
            </foreach>
          </trim>
        </if>
      </foreach>
    </where>
  </sql>
  <sql id="Update_By_Example_Where_Clause" >
    <where >
      <foreach collection="example.oredCriteria" item="criteria" separator="or" >
        <if test="criteria.valid" >
          <trim prefix="(" suffix=")" prefixOverrides="and" >
            <foreach collection="criteria.criteria" item="criterion" >
              <choose >
                <when test="criterion.noValue" >
                  and ${criterion.condition}
                </when>
                <when test="criterion.singleValue" >
                  and ${criterion.condition} #{criterion.value}
                </when>
                <when test="criterion.betweenValue" >
                  and ${criterion.condition} #{criterion.value} and #{criterion.secondValue}
                </when>
                <when test="criterion.listValue" >
                  and ${criterion.condition}
                  <foreach collection="criterion.value" item="listItem" open="(" close=")" separator="," >
                    #{listItem}
                  </foreach>
                </when>
              </choose>
            </foreach>
          </trim>
        </if>
      </foreach>
    </where>
  </sql>
  <sql id="Base_Column_List" >
    Pid, Pcid, Pwname, Pdetail, Pmenu
  </sql>
  <select id="selectByExample" resultMap="BaseResultMap" parameterType="com.xiaohe.po.PowerExample" >
    select
    <if test="distinct" >
      distinct
    </if>
    <include refid="Base_Column_List" />
    from power
    <if test="_parameter != null" >
      <include refid="Example_Where_Clause" />
    </if>
    <if test="orderByClause != null" >
      order by ${orderByClause}
    </if>
  </select>
  <select id="selectByPrimaryKey" resultMap="BaseResultMap" parameterType="java.lang.Integer" >
    select 
    <include refid="Base_Column_List" />
    from power
    where Pid = #{pid,jdbcType=INTEGER}
  </select>
  <delete id="deleteByPrimaryKey" parameterType="java.lang.Integer" >
    delete from power
    where Pid = #{pid,jdbcType=INTEGER}
  </delete>
  <delete id="deleteByExample" parameterType="com.xiaohe.po.PowerExample" >
    delete from power
    <if test="_parameter != null" >
      <include refid="Example_Where_Clause" />
    </if>
  </delete>
  <insert id="insert" parameterType="com.xiaohe.po.Power" >
    insert into power (Pid, Pcid, Pwname, 
      Pdetail, Pmenu)
    values (#{pid,jdbcType=INTEGER}, #{pcid,jdbcType=INTEGER}, #{pwname,jdbcType=VARCHAR}, 
      #{pdetail,jdbcType=VARCHAR}, #{pmenu,jdbcType=VARCHAR})
  </insert>
  <insert id="insertSelective" parameterType="com.xiaohe.po.Power" >
    insert into power
    <trim prefix="(" suffix=")" suffixOverrides="," >
      <if test="pid != null" >
        Pid,
      </if>
      <if test="pcid != null" >
        Pcid,
      </if>
      <if test="pwname != null" >
        Pwname,
      </if>
      <if test="pdetail != null" >
        Pdetail,
      </if>
      <if test="pmenu != null" >
        Pmenu,
      </if>
    </trim>
    <trim prefix="values (" suffix=")" suffixOverrides="," >
      <if test="pid != null" >
        #{pid,jdbcType=INTEGER},
      </if>
      <if test="pcid != null" >
        #{pcid,jdbcType=INTEGER},
      </if>
      <if test="pwname != null" >
        #{pwname,jdbcType=VARCHAR},
      </if>
      <if test="pdetail != null" >
        #{pdetail,jdbcType=VARCHAR},
      </if>
      <if test="pmenu != null" >
        #{pmenu,jdbcType=VARCHAR},
      </if>
    </trim>
  </insert>
  <select id="countByExample" parameterType="com.xiaohe.po.PowerExample" resultType="java.lang.Integer" >
    select count(*) from power
    <if test="_parameter != null" >
      <include refid="Example_Where_Clause" />
    </if>
  </select>
  <update id="updateByExampleSelective" parameterType="map" >
    update power
    <set >
      <if test="record.pid != null" >
        Pid = #{record.pid,jdbcType=INTEGER},
      </if>
      <if test="record.pcid != null" >
        Pcid = #{record.pcid,jdbcType=INTEGER},
      </if>
      <if test="record.pwname != null" >
        Pwname = #{record.pwname,jdbcType=VARCHAR},
      </if>
      <if test="record.pdetail != null" >
        Pdetail = #{record.pdetail,jdbcType=VARCHAR},
      </if>
      <if test="record.pmenu != null" >
        Pmenu = #{record.pmenu,jdbcType=VARCHAR},
      </if>
    </set>
    <if test="_parameter != null" >
      <include refid="Update_By_Example_Where_Clause" />
    </if>
  </update>
  <update id="updateByExample" parameterType="map" >
    update power
    set Pid = #{record.pid,jdbcType=INTEGER},
      Pcid = #{record.pcid,jdbcType=INTEGER},
      Pwname = #{record.pwname,jdbcType=VARCHAR},
      Pdetail = #{record.pdetail,jdbcType=VARCHAR},
      Pmenu = #{record.pmenu,jdbcType=VARCHAR}
    <if test="_parameter != null" >
      <include refid="Update_By_Example_Where_Clause" />
    </if>
  </update>
  <update id="updateByPrimaryKeySelective" parameterType="com.xiaohe.po.Power" >
    update power
    <set >
      <if test="pcid != null" >
        Pcid = #{pcid,jdbcType=INTEGER},
      </if>
      <if test="pwname != null" >
        Pwname = #{pwname,jdbcType=VARCHAR},
      </if>
      <if test="pdetail != null" >
        Pdetail = #{pdetail,jdbcType=VARCHAR},
      </if>
      <if test="pmenu != null" >
        Pmenu = #{pmenu,jdbcType=VARCHAR},
      </if>
    </set>
    where Pid = #{pid,jdbcType=INTEGER}
  </update>
  <update id="updateByPrimaryKey" parameterType="com.xiaohe.po.Power" >
    update power
    set Pcid = #{pcid,jdbcType=INTEGER},
      Pwname = #{pwname,jdbcType=VARCHAR},
      Pdetail = #{pdetail,jdbcType=VARCHAR},
      Pmenu = #{pmenu,jdbcType=VARCHAR}
    where Pid = #{pid,jdbcType=INTEGER}
  </update>
</mapper>