<?xml version="1.0" encoding="UTF-8" ?>
<!DOCTYPE mapper PUBLIC "-//mybatis.org//DTD Mapper 3.0//EN" "http://mybatis.org/dtd/mybatis-3-mapper.dtd" >
<mapper namespace="com.xiaohe.mapper.ShaddressMapper" >
  <resultMap id="BaseResultMap" type="com.xiaohe.po.Shaddress" >
    <id column="Shid" property="shid" jdbcType="INTEGER" />
    <result column="Uname" property="uname" jdbcType="VARCHAR" />
    <result column="Saddress" property="saddress" jdbcType="VARCHAR" />
  </resultMap>
  <sql id="Example_Where_Clause" >
    <where >
      <foreach collection="oredCriteria" item="criteria" separator="or" >
        <if test="criteria.valid" >
          <trim prefix="(" suffix=")" prefixOverrides="and" >
            <foreach collection="criteria.criteria" item="criterion" >
              <choose >
                <when test="criterion.noValue" >
                  and ${criterion.condition}
                </when>
                <when test="criterion.singleValue" >
                  and ${criterion.condition} #{criterion.value}
                </when>
                <when test="criterion.betweenValue" >
                  and ${criterion.condition} #{criterion.value} and #{criterion.secondValue}
                </when>
                <when test="criterion.listValue" >
                  and ${criterion.condition}
                  <foreach collection="criterion.value" item="listItem" open="(" close=")" separator="," >
                    #{listItem}
                  </foreach>
                </when>
              </choose>
            </foreach>
          </trim>
        </if>
      </foreach>
    </where>
  </sql>
  <sql id="Update_By_Example_Where_Clause" >
    <where >
      <foreach collection="example.oredCriteria" item="criteria" separator="or" >
        <if test="criteria.valid" >
          <trim prefix="(" suffix=")" prefixOverrides="and" >
            <foreach collection="criteria.criteria" item="criterion" >
              <choose >
                <when test="criterion.noValue" >
                  and ${criterion.condition}
                </when>
                <when test="criterion.singleValue" >
                  and ${criterion.condition} #{criterion.value}
                </when>
                <when test="criterion.betweenValue" >
                  and ${criterion.condition} #{criterion.value} and #{criterion.secondValue}
                </when>
                <when test="criterion.listValue" >
                  and ${criterion.condition}
                  <foreach collection="criterion.value" item="listItem" open="(" close=")" separator="," >
                    #{listItem}
                  </foreach>
                </when>
              </choose>
            </foreach>
          </trim>
        </if>
      </foreach>
    </where>
  </sql>
  <sql id="Base_Column_List" >
    Shid, Uname, Saddress
  </sql>
  <select id="selectByExample" resultMap="BaseResultMap" parameterType="com.xiaohe.po.ShaddressExample" >
    select
    <if test="distinct" >
      distinct
    </if>
    <include refid="Base_Column_List" />
    from shaddress
    <if test="_parameter != null" >
      <include refid="Example_Where_Clause" />
    </if>
    <if test="orderByClause != null" >
      order by ${orderByClause}
    </if>
  </select>
  <select id="selectByPrimaryKey" resultMap="BaseResultMap" parameterType="java.lang.Integer" >
    select 
    <include refid="Base_Column_List" />
    from shaddress
    where Shid = #{shid,jdbcType=INTEGER}
  </select>
  <delete id="deleteByPrimaryKey" parameterType="java.lang.Integer" >
    delete from shaddress
    where Shid = #{shid,jdbcType=INTEGER}
  </delete>
  <delete id="deleteByExample" parameterType="com.xiaohe.po.ShaddressExample" >
    delete from shaddress
    <if test="_parameter != null" >
      <include refid="Example_Where_Clause" />
    </if>
  </delete>
  <insert id="insert" parameterType="com.xiaohe.po.Shaddress" >
    insert into shaddress (Shid, Uname, Saddress
      )
    values (#{shid,jdbcType=INTEGER}, #{uname,jdbcType=VARCHAR}, #{saddress,jdbcType=VARCHAR}
      )
  </insert>
  <insert id="insertSelective" parameterType="com.xiaohe.po.Shaddress" >
    insert into shaddress
    <trim prefix="(" suffix=")" suffixOverrides="," >
      <if test="shid != null" >
        Shid,
      </if>
      <if test="uname != null" >
        Uname,
      </if>
      <if test="saddress != null" >
        Saddress,
      </if>
    </trim>
    <trim prefix="values (" suffix=")" suffixOverrides="," >
      <if test="shid != null" >
        #{shid,jdbcType=INTEGER},
      </if>
      <if test="uname != null" >
        #{uname,jdbcType=VARCHAR},
      </if>
      <if test="saddress != null" >
        #{saddress,jdbcType=VARCHAR},
      </if>
    </trim>
  </insert>
  <select id="countByExample" parameterType="com.xiaohe.po.ShaddressExample" resultType="java.lang.Integer" >
    select count(*) from shaddress
    <if test="_parameter != null" >
      <include refid="Example_Where_Clause" />
    </if>
  </select>
  <update id="updateByExampleSelective" parameterType="map" >
    update shaddress
    <set >
      <if test="record.shid != null" >
        Shid = #{record.shid,jdbcType=INTEGER},
      </if>
      <if test="record.uname != null" >
        Uname = #{record.uname,jdbcType=VARCHAR},
      </if>
      <if test="record.saddress != null" >
        Saddress = #{record.saddress,jdbcType=VARCHAR},
      </if>
    </set>
    <if test="_parameter != null" >
      <include refid="Update_By_Example_Where_Clause" />
    </if>
  </update>
  <update id="updateByExample" parameterType="map" >
    update shaddress
    set Shid = #{record.shid,jdbcType=INTEGER},
      Uname = #{record.uname,jdbcType=VARCHAR},
      Saddress = #{record.saddress,jdbcType=VARCHAR}
    <if test="_parameter != null" >
      <include refid="Update_By_Example_Where_Clause" />
    </if>
  </update>
  <update id="updateByPrimaryKeySelective" parameterType="com.xiaohe.po.Shaddress" >
    update shaddress
    <set >
      <if test="uname != null" >
        Uname = #{uname,jdbcType=VARCHAR},
      </if>
      <if test="saddress != null" >
        Saddress = #{saddress,jdbcType=VARCHAR},
      </if>
    </set>
    where Shid = #{shid,jdbcType=INTEGER}
  </update>
  <update id="updateByPrimaryKey" parameterType="com.xiaohe.po.Shaddress" >
    update shaddress
    set Uname = #{uname,jdbcType=VARCHAR},
      Saddress = #{saddress,jdbcType=VARCHAR}
    where Shid = #{shid,jdbcType=INTEGER}
  </update>
</mapper>