<?xml version="1.0" encoding="UTF-8" ?>
<!DOCTYPE mapper PUBLIC "-//mybatis.org//DTD Mapper 3.0//EN" "http://mybatis.org/dtd/mybatis-3-mapper.dtd" >
<mapper namespace="com.xiaohe.mapper.StoreMapper" >
  <resultMap id="BaseResultMap" type="com.xiaohe.po.Store" >
    <id column="Stid" property="stid" jdbcType="INTEGER" />
    <result column="Splace" property="splace" jdbcType="VARCHAR" />
    <result column="Smount" property="smount" jdbcType="INTEGER" />
    <result column="Sid" property="sid" jdbcType="INTEGER" />
  </resultMap>
  <sql id="Example_Where_Clause" >
    <where >
      <foreach collection="oredCriteria" item="criteria" separator="or" >
        <if test="criteria.valid" >
          <trim prefix="(" suffix=")" prefixOverrides="and" >
            <foreach collection="criteria.criteria" item="criterion" >
              <choose >
                <when test="criterion.noValue" >
                  and ${criterion.condition}
                </when>
                <when test="criterion.singleValue" >
                  and ${criterion.condition} #{criterion.value}
                </when>
                <when test="criterion.betweenValue" >
                  and ${criterion.condition} #{criterion.value} and #{criterion.secondValue}
                </when>
                <when test="criterion.listValue" >
                  and ${criterion.condition}
                  <foreach collection="criterion.value" item="listItem" open="(" close=")" separator="," >
                    #{listItem}
                  </foreach>
                </when>
              </choose>
            </foreach>
          </trim>
        </if>
      </foreach>
    </where>
  </sql>
  <sql id="Update_By_Example_Where_Clause" >
    <where >
      <foreach collection="example.oredCriteria" item="criteria" separator="or" >
        <if test="criteria.valid" >
          <trim prefix="(" suffix=")" prefixOverrides="and" >
            <foreach collection="criteria.criteria" item="criterion" >
              <choose >
                <when test="criterion.noValue" >
                  and ${criterion.condition}
                </when>
                <when test="criterion.singleValue" >
                  and ${criterion.condition} #{criterion.value}
                </when>
                <when test="criterion.betweenValue" >
                  and ${criterion.condition} #{criterion.value} and #{criterion.secondValue}
                </when>
                <when test="criterion.listValue" >
                  and ${criterion.condition}
                  <foreach collection="criterion.value" item="listItem" open="(" close=")" separator="," >
                    #{listItem}
                  </foreach>
                </when>
              </choose>
            </foreach>
          </trim>
        </if>
      </foreach>
    </where>
  </sql>
  <sql id="Base_Column_List" >
    Stid, Splace, Smount, Sid
  </sql>
  <select id="selectByExample" resultMap="BaseResultMap" parameterType="com.xiaohe.po.StoreExample" >
    select
    <if test="distinct" >
      distinct
    </if>
    <include refid="Base_Column_List" />
    from store
    <if test="_parameter != null" >
      <include refid="Example_Where_Clause" />
    </if>
    <if test="orderByClause != null" >
      order by ${orderByClause}
    </if>
  </select>
  <select id="selectByPrimaryKey" resultMap="BaseResultMap" parameterType="java.lang.Integer" >
    select 
    <include refid="Base_Column_List" />
    from store
    where Stid = #{stid,jdbcType=INTEGER}
  </select>
  <delete id="deleteByPrimaryKey" parameterType="java.lang.Integer" >
    delete from store
    where Stid = #{stid,jdbcType=INTEGER}
  </delete>
  <delete id="deleteByExample" parameterType="com.xiaohe.po.StoreExample" >
    delete from store
    <if test="_parameter != null" >
      <include refid="Example_Where_Clause" />
    </if>
  </delete>
  <insert id="insert" parameterType="com.xiaohe.po.Store" >
    insert into store (Stid, Splace, Smount, 
      Sid)
    values (#{stid,jdbcType=INTEGER}, #{splace,jdbcType=VARCHAR}, #{smount,jdbcType=INTEGER}, 
      #{sid,jdbcType=INTEGER})
  </insert>
  <insert id="insertSelective" parameterType="com.xiaohe.po.Store" >
    insert into store
    <trim prefix="(" suffix=")" suffixOverrides="," >
      <if test="stid != null" >
        Stid,
      </if>
      <if test="splace != null" >
        Splace,
      </if>
      <if test="smount != null" >
        Smount,
      </if>
      <if test="sid != null" >
        Sid,
      </if>
    </trim>
    <trim prefix="values (" suffix=")" suffixOverrides="," >
      <if test="stid != null" >
        #{stid,jdbcType=INTEGER},
      </if>
      <if test="splace != null" >
        #{splace,jdbcType=VARCHAR},
      </if>
      <if test="smount != null" >
        #{smount,jdbcType=INTEGER},
      </if>
      <if test="sid != null" >
        #{sid,jdbcType=INTEGER},
      </if>
    </trim>
  </insert>
  <select id="countByExample" parameterType="com.xiaohe.po.StoreExample" resultType="java.lang.Integer" >
    select count(*) from store
    <if test="_parameter != null" >
      <include refid="Example_Where_Clause" />
    </if>
  </select>
  <update id="updateByExampleSelective" parameterType="map" >
    update store
    <set >
      <if test="record.stid != null" >
        Stid = #{record.stid,jdbcType=INTEGER},
      </if>
      <if test="record.splace != null" >
        Splace = #{record.splace,jdbcType=VARCHAR},
      </if>
      <if test="record.smount != null" >
        Smount = #{record.smount,jdbcType=INTEGER},
      </if>
      <if test="record.sid != null" >
        Sid = #{record.sid,jdbcType=INTEGER},
      </if>
    </set>
    <if test="_parameter != null" >
      <include refid="Update_By_Example_Where_Clause" />
    </if>
  </update>
  <update id="updateByExample" parameterType="map" >
    update store
    set Stid = #{record.stid,jdbcType=INTEGER},
      Splace = #{record.splace,jdbcType=VARCHAR},
      Smount = #{record.smount,jdbcType=INTEGER},
      Sid = #{record.sid,jdbcType=INTEGER}
    <if test="_parameter != null" >
      <include refid="Update_By_Example_Where_Clause" />
    </if>
  </update>
  <update id="updateByPrimaryKeySelective" parameterType="com.xiaohe.po.Store" >
    update store
    <set >
      <if test="splace != null" >
        Splace = #{splace,jdbcType=VARCHAR},
      </if>
      <if test="smount != null" >
        Smount = #{smount,jdbcType=INTEGER},
      </if>
      <if test="sid != null" >
        Sid = #{sid,jdbcType=INTEGER},
      </if>
    </set>
    where Stid = #{stid,jdbcType=INTEGER}
  </update>
  <update id="updateByPrimaryKey" parameterType="com.xiaohe.po.Store" >
    update store
    set Splace = #{splace,jdbcType=VARCHAR},
      Smount = #{smount,jdbcType=INTEGER},
      Sid = #{sid,jdbcType=INTEGER}
    where Stid = #{stid,jdbcType=INTEGER}
  </update>
</mapper>