<?xml version="1.0" encoding="UTF-8"?>
<!DOCTYPE mapper PUBLIC "-//mybatis.org//DTD Mapper 3.0//EN" "http://mybatis.org/dtd/mybatis-3-mapper.dtd" >
<mapper namespace="com.xiaohe.mapper.StoreMapperCustom">

<insert id="addStore" parameterType="com.xiaohe.po.Store">
	insert into store (Sid,Splace) VALUES(#{sid},#{splace})
</insert>

<select id="qureyCountStore" resultType="int">
	select count(*) from store
</select>

<select id="searchStore" resultType="com.xiaohe.po.StoreShopInfoVo">
	
	select store.*,shopinfo.Sname,shopinfo.Snum,shopinfo.Sid 
	from store,shopinfo
	where store.Sid=shopinfo.Sid 
	
</select>

<delete id="DeleteStoreById" parameterType="int">
		delete from store where Stid=#{stid}
</delete>

<!-- 批量删除 -->
<delete id="deleteStoreByMoreId" parameterType="com.xiaohe.po.StoreQueryVo">
	 delete from store where Stid in
	 
		<foreach collection="ids" open="(" close=")" item="id" separator=",">
			#{id}
		</foreach>
</delete>

<!-- 条件查找 -->
<select id="findstore" parameterType="com.xiaohe.po.StoreShopInfoVo" resultType="com.xiaohe.po.StoreShopInfoVo">
	select store.*,shopinfo.Sname,shopinfo.Snum,shopinfo.Sid  
	from shopinfo,store 
    where  shopinfo.Sid = store.Sid 
    and  store.Splace LIKE '%${splace}%' 
</select>

<!-- 条件内容个数 -->
<select id="QueryFindNumber" parameterType="com.xiaohe.po.StoreShopInfoVo" resultType="int">
	select count(*)
	from store
	where Splace LIKE '%${splace}%'

</select>

<!-- 修改仓库 -->
<update id="UpdateStore" parameterType="com.xiaohe.po.Store">
	update store set Splace = #{splace},Smount=#{smount} where Stid = #{stid} 
</update>
	

</mapper>