<?xml version="1.0" encoding="UTF-8" ?>
<!DOCTYPE mapper PUBLIC "-//mybatis.org//DTD Mapper 3.0//EN" "http://mybatis.org/dtd/mybatis-3-mapper.dtd" >
<mapper namespace="com.xiaohe.mapper.UsersMapper" >
  <resultMap id="BaseResultMap" type="com.xiaohe.po.Users" >
    <id column="Uname" property="uname" jdbcType="VARCHAR" />
    <result column="Upwd" property="upwd" jdbcType="VARCHAR" />
  </resultMap>
  <sql id="Example_Where_Clause" >
    <where >
      <foreach collection="oredCriteria" item="criteria" separator="or" >
        <if test="criteria.valid" >
          <trim prefix="(" suffix=")" prefixOverrides="and" >
            <foreach collection="criteria.criteria" item="criterion" >
              <choose >
                <when test="criterion.noValue" >
                  and ${criterion.condition}
                </when>
                <when test="criterion.singleValue" >
                  and ${criterion.condition} #{criterion.value}
                </when>
                <when test="criterion.betweenValue" >
                  and ${criterion.condition} #{criterion.value} and #{criterion.secondValue}
                </when>
                <when test="criterion.listValue" >
                  and ${criterion.condition}
                  <foreach collection="criterion.value" item="listItem" open="(" close=")" separator="," >
                    #{listItem}
                  </foreach>
                </when>
              </choose>
            </foreach>
          </trim>
        </if>
      </foreach>
    </where>
  </sql>
  <sql id="Update_By_Example_Where_Clause" >
    <where >
      <foreach collection="example.oredCriteria" item="criteria" separator="or" >
        <if test="criteria.valid" >
          <trim prefix="(" suffix=")" prefixOverrides="and" >
            <foreach collection="criteria.criteria" item="criterion" >
              <choose >
                <when test="criterion.noValue" >
                  and ${criterion.condition}
                </when>
                <when test="criterion.singleValue" >
                  and ${criterion.condition} #{criterion.value}
                </when>
                <when test="criterion.betweenValue" >
                  and ${criterion.condition} #{criterion.value} and #{criterion.secondValue}
                </when>
                <when test="criterion.listValue" >
                  and ${criterion.condition}
                  <foreach collection="criterion.value" item="listItem" open="(" close=")" separator="," >
                    #{listItem}
                  </foreach>
                </when>
              </choose>
            </foreach>
          </trim>
        </if>
      </foreach>
    </where>
  </sql>
  <sql id="Base_Column_List" >
    Uname, Upwd
  </sql>
  <select id="selectByExample" resultMap="BaseResultMap" parameterType="com.xiaohe.po.UsersExample" >
    select
    <if test="distinct" >
      distinct
    </if>
    <include refid="Base_Column_List" />
    from users
    <if test="_parameter != null" >
      <include refid="Example_Where_Clause" />
    </if>
    <if test="orderByClause != null" >
      order by ${orderByClause}
    </if>
  </select>
  <select id="selectByPrimaryKey" resultMap="BaseResultMap" parameterType="java.lang.String" >
    select 
    <include refid="Base_Column_List" />
    from users
    where Uname = #{uname,jdbcType=VARCHAR}
  </select>
  <delete id="deleteByPrimaryKey" parameterType="java.lang.String" >
    delete from users
    where Uname = #{uname,jdbcType=VARCHAR}
  </delete>
  <delete id="deleteByExample" parameterType="com.xiaohe.po.UsersExample" >
    delete from users
    <if test="_parameter != null" >
      <include refid="Example_Where_Clause" />
    </if>
  </delete>
  <insert id="insert" parameterType="com.xiaohe.po.Users" >
    insert into users (Uname, Upwd)
    values (#{uname,jdbcType=VARCHAR}, #{upwd,jdbcType=VARCHAR})
  </insert>
  <insert id="insertSelective" parameterType="com.xiaohe.po.Users" >
    insert into users
    <trim prefix="(" suffix=")" suffixOverrides="," >
      <if test="uname != null" >
        Uname,
      </if>
      <if test="upwd != null" >
        Upwd,
      </if>
    </trim>
    <trim prefix="values (" suffix=")" suffixOverrides="," >
      <if test="uname != null" >
        #{uname,jdbcType=VARCHAR},
      </if>
      <if test="upwd != null" >
        #{upwd,jdbcType=VARCHAR},
      </if>
    </trim>
  </insert>
  <select id="countByExample" parameterType="com.xiaohe.po.UsersExample" resultType="java.lang.Integer" >
    select count(*) from users
    <if test="_parameter != null" >
      <include refid="Example_Where_Clause" />
    </if>
  </select>
  <update id="updateByExampleSelective" parameterType="map" >
    update users
    <set >
      <if test="record.uname != null" >
        Uname = #{record.uname,jdbcType=VARCHAR},
      </if>
      <if test="record.upwd != null" >
        Upwd = #{record.upwd,jdbcType=VARCHAR},
      </if>
    </set>
    <if test="_parameter != null" >
      <include refid="Update_By_Example_Where_Clause" />
    </if>
  </update>
  <update id="updateByExample" parameterType="map" >
    update users
    set Uname = #{record.uname,jdbcType=VARCHAR},
      Upwd = #{record.upwd,jdbcType=VARCHAR}
    <if test="_parameter != null" >
      <include refid="Update_By_Example_Where_Clause" />
    </if>
  </update>
  <update id="updateByPrimaryKeySelective" parameterType="com.xiaohe.po.Users" >
    update users
    <set >
      <if test="upwd != null" >
        Upwd = #{upwd,jdbcType=VARCHAR},
      </if>
    </set>
    where Uname = #{uname,jdbcType=VARCHAR}
  </update>
  <update id="updateByPrimaryKey" parameterType="com.xiaohe.po.Users" >
    update users
    set Upwd = #{upwd,jdbcType=VARCHAR}
    where Uname = #{uname,jdbcType=VARCHAR}
  </update>
</mapper>