<?xml version="1.0" encoding="UTF-8" ?>
<!DOCTYPE mapper PUBLIC "-//mybatis.org//DTD Mapper 3.0//EN" "http://mybatis.org/dtd/mybatis-3-mapper.dtd" >
<mapper namespace="com.xiaohe.mapper.UsersMapperCustom" >
	
	<!-- 定义sql片段 -->
	<sql id="query_users_where">
	<!--  使用动态sql，通过if判断，满足条件进行动态sql拼接-->
	<!--  商品查询条件通过ItemsQueryVo这个包装类的ItemsCutom属性进行传递-->
	<if test="userinfoCustom!=null">
		<if test="userinfoCustom.ufuname!=null and userinfoCustom.ufuname!=''">
			userinfo.Ufuname like '%${userinfoCustom.ufuname}%'
		</if>
	</if>
	</sql>
	
	
	<!-- 查询用户两个表 -->
	<!-- <resultMap id="QueryUsersMap" type="com.xiaohe.po.UsersQueryVo" >
    <id column="Uname" property="uname" jdbcType="VARCHAR" />
    <id column="Ufuname" property="ufuname" jdbcType="VARCHAR" />
    <result column="Upwd" property="upwd" jdbcType="VARCHAR" />
    <result column="Ufsex" property="ufsex" jdbcType="VARCHAR" />
    <result column="Ufsheng" property="ufsheng" jdbcType="VARCHAR" />
    <result column="Ufshi" property="ufshi" jdbcType="VARCHAR" />
    <result column="ufphone" property="ufphone" jdbcType="VARCHAR" />
    <result column="Ufname" property="ufname" jdbcType="VARCHAR" />
    <result column="Uqustion" property="uqustion" jdbcType="VARCHAR" />
    <result column="Uanswer" property="uanswer" jdbcType="VARCHAR" />
    <result column="Uaddress" property="uaddress" jdbcType="INTEGER" />
    <result column="Uplace" property="uplace" jdbcType="VARCHAR" />
  </resultMap> -->
	
	
	
	
	
	<insert id="addMember"  parameterType="com.xiaohe.po.UsersQueryVo">
	
		insert into users(Uname,Upwd) values(#{usersCustom.uname},#{usersCustom.upwd})
	
	</insert>
	
	<delete id="deleteMoreMember" parameterType="com.xiaohe.po.UsersQueryVo">
	
		delete from userinfo where Ufuname in
		<!-- (?,?,?,?,?) -->
		<foreach collection="meb" open="(" close=")" item="ufuname" separator=",">
			#{ufuname}
		</foreach>
	
	</delete>
	<delete id="deleteMoreMember2" parameterType="com.xiaohe.po.UsersQueryVo">
	
		delete from users where Uname in
		<!-- (?,?,?,?,?) -->
		<foreach collection="meb" open="(" close=")" item="uname" separator=",">
			#{uname}
		</foreach>
	
	</delete>
	
	<select id="searchUsers" parameterType="com.xiaohe.po.UsersQueryVo" resultType="com.xiaohe.po.UserinfoCustom">
	
		select * from userinfo
  		<where>
  			 <include refid="query_users_where"></include>
  		
  		</where>
  	</select>
	<insert id="addMemberInfo" parameterType="com.xiaohe.po.UsersQueryVo" >
		insert into userinfo(Ufuname,Ufsex,Ufsheng,Ufshi,
		ufphone,Ufname,Uqustion,Uanswer,Uaddress,Uplace
		) values(#{usersCustom.uname},#{userinfoCustom.ufsex},#{userinfoCustom.ufsheng},#{userinfoCustom.ufshi},#{userinfoCustom.ufphone},#{userinfoCustom.ufname},#{userinfoCustom.uqustion},
		#{userinfoCustom.uanswer},#{userinfoCustom.uaddress},#{userinfoCustom.uplace}
		)
	</insert>
	
	<select id="queryMember" parameterType="com.xiaohe.po.UsersQueryVo" resultType="int">
		select count(*) from users where Uname =#{usersCustom.uname}
	
	</select>
	
	<select id="selectUsersCount" resultType="int">
		
		select count(*) from users 
	
	</select>
	<!-- 更新用户 -->
	<update id="updateUsers1" parameterType="com.xiaohe.po.UsersQueryVo" >
	
		 update userinfo
    <set >
      <if test="usersCustom.uname != null" >
        Ufuname = #{usersCustom.uname,jdbcType=VARCHAR},
      </if>
      <if test="userinfoCustom.ufsex != null" >
        Ufsex = #{userinfoCustom.ufsex,jdbcType=VARCHAR},
      </if>
      <if test="userinfoCustom.ufsheng != null" >
        Ufsheng = #{userinfoCustom.ufsheng,jdbcType=VARCHAR},
      </if>
      <if test="userinfoCustom.ufshi != null" >
        Ufshi = #{userinfoCustom.ufshi,jdbcType=VARCHAR},
      </if>
      <if test="userinfoCustom.ufphone != null" >
        ufphone = #{userinfoCustom.ufphone,jdbcType=VARCHAR},
      </if>
      <if test="userinfoCustom.ufname != null" >
        Ufname = #{userinfoCustom.ufname,jdbcType=VARCHAR},
      </if>
      <if test="userinfoCustom.uqustion != null" >
        Uqustion = #{userinfoCustom.uqustion,jdbcType=VARCHAR},
      </if>
      <if test="userinfoCustom.uanswer != null" >
        Uanswer = #{userinfoCustom.uanswer,jdbcType=VARCHAR},
      </if>
      <if test="userinfoCustom.uaddress != null" >
        Uaddress = #{userinfoCustom.uaddress,jdbcType=INTEGER},
      </if>
      <if test="userinfoCustom.uplace != null" >
        Uplace = #{userinfoCustom.uplace,jdbcType=VARCHAR},
      </if>
    </set>
	where Ufuname = #{page_name,jdbcType=VARCHAR}
	</update>
	
	<update id="updateUsers2" parameterType="com.xiaohe.po.UsersQueryVo">
	
		 update users
     <set >
      <if test="usersCustom.uname != null" >
        Uname = #{usersCustom.uname,jdbcType=VARCHAR},
      </if>
      <if test="usersCustom.upwd != null" >
        Upwd = #{usersCustom.upwd,jdbcType=VARCHAR},
      </if>
      
     </set>
	where Uname = #{page_name,jdbcType=VARCHAR}
		
	</update>
	
	
	 <!--  <select id="findUsers" parameterType="string" resultMap="QueryUsersMap">
	
		select * from users,userinfo where users.Uname = userinfo.Ufuname and users.Uname=#{uname}
		select
		<include refid="QueryUsersMap"/>
		from users u,userinfo ui
		where u.Uname=ui.Ufuname 
		and u.Uname=#{uname}
	
	</select>   -->
	 
	 
	 <select id="findUsers" parameterType="string" resultType="com.xiaohe.po.UsersQueryVo">
	
		select * from users,userinfo where users.Uname = userinfo.Ufuname and users.Uname=#{uname}
	
	</select>  



</mapper>