<beans xmlns="http://www.springframework.org/schema/beans"
	xmlns:xsi="http://www.w3.org/2001/XMLSchema-instance" xmlns:mvc="http://www.springframework.org/schema/mvc"
	xmlns:context="http://www.springframework.org/schema/context"
	xmlns:aop="http://www.springframework.org/schema/aop" xmlns:tx="http://www.springframework.org/schema/tx"
	xsi:schemaLocation="http://www.springframework.org/schema/beans 
		http://www.springframework.org/schema/beans/spring-beans-3.2.xsd 
		http://www.springframework.org/schema/mvc 
		http://www.springframework.org/schema/mvc/spring-mvc-3.2.xsd 
		http://www.springframework.org/schema/context 
		http://www.springframework.org/schema/context/spring-context-3.2.xsd 
		http://www.springframework.org/schema/aop 
		http://www.springframework.org/schema/aop/spring-aop-3.2.xsd 
		http://www.springframework.org/schema/tx 
		http://www.springframework.org/schema/tx/spring-tx-3.2.xsd ">
		<!-- 商品管理的service -->
		<bean id="itemsService" class="com.xiaohe.service.impl.ItemsServiceImpl"></bean>
		<bean id="memberService" class="com.xiaohe.service.impl.MemberServiceImpl"></bean>
		<bean id="managerService" class="com.xiaohe.service.impl.ManagerServiceImpl"></bean>
		
		<!--  分隔线-->
		
		
		<bean id="noticeService" class="com.xiaohe.service.impl.NoticeServiceImpl"></bean>
		<bean id="assessService" class="com.xiaohe.service.impl.AssessServiceImpl"></bean>
		<bean id="storeService" class="com.xiaohe.service.impl.StoreServiceImpl"></bean>
		<bean id="ControllersService" class="com.xiaohe.service.impl.ControllersServiceImpl"></bean>
		
		
		
		
</beans>