<beans xmlns="http://www.springframework.org/schema/beans"
	xmlns:xsi="http://www.w3.org/2001/XMLSchema-instance" xmlns:mvc="http://www.springframework.org/schema/mvc"
	xmlns:context="http://www.springframework.org/schema/context"
	xmlns:aop="http://www.springframework.org/schema/aop" xmlns:tx="http://www.springframework.org/schema/tx"
	xsi:schemaLocation="http://www.springframework.org/schema/beans 
		http://www.springframework.org/schema/beans/spring-beans-3.2.xsd 
		http://www.springframework.org/schema/mvc 
		http://www.springframework.org/schema/mvc/spring-mvc-3.2.xsd 
		http://www.springframework.org/schema/context 
		http://www.springframework.org/schema/context/spring-context-3.2.xsd 
		http://www.springframework.org/schema/aop 
		http://www.springframework.org/schema/aop/spring-aop-3.2.xsd 
		http://www.springframework.org/schema/tx 
		http://www.springframework.org/schema/tx/spring-tx-3.2.xsd ">
		
		 <mvc:resources location="/js/" mapping="/js/**"/>
		<mvc:resources location="/css/" mapping="/css/**"/>
		<mvc:resources location="/images/" mapping="/images/**"/>
		<mvc:resources location="/assets/" mapping="/assets/**"/>
		<mvc:resources location="/font/" mapping="/font/**"/>
		<mvc:resources location="/products/" mapping="/products/**"/>
		<mvc:resources location="/Widget/" mapping="/Widget/**"/> 
		
		<!-- <mvc:resources location="/jsp/admin/js/" mapping="/jsp/admin/js/**"/>
		<mvc:resources location="/jsp/admin/css/" mapping="/jsp/admin/css/**"/>
		<mvc:resources location="/jsp/admin/images/" mapping="/jsp/admin/images/**"/>
		<mvc:resources location="/jsp/admin/assets/" mapping="/jsp/admin/assets/**"/>
		<mvc:resources location="/jsp/admin/font/" mapping="/jsp/admin/font/**"/>
		<mvc:resources location="/jsp/admin/products/" mapping="/jsp/admin/products/**"/>
		<mvc:resources location="/jsp/admin/Widget/" mapping="/jsp/admin/Widget/**"/> -->
		<!--  配置handle-->
		<!-- <bean id="itemsController1" name="/queryItems_test.action" class="cn.itcast.ssm.controller.ItemsController1"/> -->
		
		<!-- 配置另一个handle -->
		
		<!-- <bean id="itemsController2" class="cn.itcast.ssm.controller.ItemsController2"></bean> -->
		
		<!-- 对于注解的Handle可以单个配置 -->
		<!-- <bean  class="cn.itcast.ssm.controller.ItemsController3"></bean> -->
		
		<!-- 处理器映射器 -->
		<!-- <bean
		class="org.springframework.web.servlet.handler.BeanNameUrlHandlerMapping" /> -->
		
		<!-- <!—简单url映射 --> 
	<!-- <bean class="org.springframework.web.servlet.handler.SimpleUrlHandlerMapping">
		<property name="mappings">
			<props>
				<prop key="/queryItems1.action">itemsController1</prop>
				<prop key="/queryItems2.action">itemsController1</prop>
				<prop key="/queryItems3.action">itemsController2</prop>
			</props>
		</property>
	</bean> -->
		<!--静态资源解析  -->
		<mvc:resources location="/js/" mapping="/js/**"/>
		
		<!--注解映射器 -->
	 <!-- <bean class="org.springframework.web.servlet.mvc.method.annotation.RequestMappingHandlerMapping"/>  -->
		
		<!--注解适配器 -->
	<!--  <bean class="org.springframework.web.servlet.mvc.method.annotation.RequestMappingHandlerAdapter"/>  -->
		
		<!-- 使用mvc:annotation-driven代替上边的注解映射器和注解适配器 
		默认加载很多的参数绑定方法，比如json转换解析器默认加载了
		-->
		<!-- 使用扫描 -->
		
		<context:component-scan base-package="com.xiaohe.controller"></context:component-scan>
		
		 <mvc:annotation-driven conversion-service="conversionService" 
		 ></mvc:annotation-driven>  
		
		<!-- 处理器适配器 -->
		<!-- <bean class="org.springframework.web.servlet.mvc.SimpleControllerHandlerAdapter"/>  -->
		<!-- 另一个处理器适配器 -->
		<!-- <bean class="org.springframework.web.servlet.mvc.HttpRequestHandlerAdapter"></bean> -->
		<!-- 自定义参数绑定 -->
		<bean id="conversionService" class="org.springframework.format.support.FormattingConversionServiceFactoryBean">
		<!-- 转换器 -->
		<property name="converters">
			<list>
				<bean class="com.xiaohe.controller.converter.CustomDateConverter"/>
			</list>
		</property>
		
		
		</bean>
		<!-- 视图解析器 -->

		<bean class="org.springframework.web.servlet.view.InternalResourceViewResolver">
		  <property name="prefix" value="/"/>
		 <property name="suffix" value=".jsp"/>  
		
		</bean>
		<!-- 校验器 -->

<!-- 校验错误信息配置文件 -->
	<!-- 已删除校验等配置 -->
		
	 <bean id="multipartResolver"
		class="org.springframework.web.multipart.commons.CommonsMultipartResolver">
		<!-- 设置上传文件的最大尺寸为5MB -->
		<property name="maxUploadSize">
			<value>5242880</value>
		</property>
	</bean>  
	
	<!--拦截器 -->

	
		

</beans>		
		
		
